Category	Term	Count	%	PValue	Genes	List Total	Pop Hits	Pop Total	Fold Enrichment	Bonferroni	Benjamini	FDR
KEGG_PATHWAY	mmu03460:Fanconi anemia pathway	3	2.272727272727273	0.023526935715132567	Top3a,Rmi1,Poli	37	51	7691	12.227344992050876	0.8907541582446675	1.0	1.0
KEGG_PATHWAY	mmu04630:Jak-STAT signaling pathway	4	3.0303030303030303	0.029775513462435114	Ifngr1,Stat3,Myc,Tslp	37	145	7691	5.734203168685927	0.9398663593915529	1.0	1.0
KEGG_PATHWAY	mmu05132:Salmonella infection	3	2.272727272727273	0.051239131782099025	Ifngr1,Ccl3,Arpc1b	37	78	7691	7.994802494802496	0.992491053016826	1.0	1.0
